noims	noims	noims
if	Inferior Force	jackofclubs
momar	momar	chalkdust
myrule	myrule	dochaven
sness	sness	sness
mfs	mfs	biru
mfs	mfs	papercut
snucse	SNUCSE	puzzlet
swe	Smokeweedeveryday	stevenswe
swe	Smokeweedeveryday	walterwhite
selwerd	Selwerd	blackshift
ai_all_stars	ai_all_stars	drake
ai_all_stars	ai_all_stars	tyderian
the_corpses	the_corpses	jonypawks
the_corpses	the_corpses	bander
the_corpses	the_corpses	geko
the_corpses	the_corpses	kuffs
admin	The Tournament Administrators	arkady
admin	The Tournament Administrators	salieri
eit	eit	eit_cyrus
eit	eit	eit_aaio
eit	eit	eit_bo
eit	eit	eit_brad
eit	eit	eit_dth
eit	eit	eit_krog
eit	eit	eit_larry
eit	eit	eit_lifto
eit	eit	eit_mobius
eit	eit	eit_quincy
eit	eit	eit_ronco
eit	eit	eit_sbj
eit	eit	eit_surreal
eit	eit	eit_tim
eit	eit	eit_winston
team_ant	team_ant	chlorine
team_ant	team_ant	kiroh
sagoons	sagoons	mgb
unfoog	unfoog	gandelf
unfoog	unfoog	airmack
unfoog	unfoog	bhaak
unfoog	unfoog	bones85
unfoog	unfoog	ctaboir
unfoog	unfoog	deki
unfoog	unfoog	dplusplus
unfoog	unfoog	foman38
unfoog	unfoog	hagbard
unfoog	unfoog	ircecho
unfoog	unfoog	jagnj
unfoog	unfoog	jannis
unfoog	unfoog	lexo
unfoog	unfoog	lordhoto
unfoog	unfoog	nidan
unfoog	unfoog	peutri
unfoog	unfoog	psymar
unfoog	unfoog	rick0815
unfoog	unfoog	rob80
unfoog	unfoog	rossy
unfoog	unfoog	schnippi
unfoog	unfoog	schnupsi
unfoog	unfoog	souljazz
unfoog	unfoog	squolly
unfoog	unfoog	sylth
unfoog	unfoog	xororand
roadkill	Team Roadkill	nesta
kol	KoL	prospero
kol	KoL	horatio
sablja	Sablja	ath
sablja	Sablja	gest
sablja	Sablja	septimus
sablja	Sablja	thomaso
cwnannwn	cwnannwn	durron597
mit	mit	mit_silvan
mit	mit	tilia
yeti_alibi	yeti_alibi	gretta
yeti_alibi	yeti_alibi	mathewm
yeti_alibi	yeti_alibi	thx
yeti_alibi	yeti_alibi	wac
yeti_alibi	yeti_alibi	walkera
rgrn	RGRN	rast
rgrn	RGRN	chaggog
rgrn	RGRN	garyolson
rgrn	RGRN	maniac
rgrn	RGRN	marvin
rgrn	RGRN	mercury5
rgrn	RGRN	spleen
rgrn	RGRN	steveyo
rgrn	RGRN	tofumage
bot	bot	taeb523
h_interhack	hash_interhack	ais523
h_interhack	hash_interhack	sartak
h_interhack	hash_interhack	adeon
h_interhack	hash_interhack	casmith789
h_interhack	hash_interhack	justice
h_interhack	hash_interhack	kerio
room_e104	E104	maximilian
room_e104	E104	bladewing
room_e104	E104	stanley
room_e104	E104	yuanti
vin_diesel	vin_diesel	walshy007
dywypi	DYWYPI	bleeko
dywypi	DYWYPI	action52
dywypi	DYWYPI	bochaki
dywypi	DYWYPI	bradgers
dywypi	DYWYPI	bren
dywypi	DYWYPI	clipmaster3
dywypi	DYWYPI	codl
dywypi	DYWYPI	cph
dywypi	DYWYPI	crypt
dywypi	DYWYPI	daguerro
dywypi	DYWYPI	danirijeka
dywypi	DYWYPI	darkdashed
dywypi	DYWYPI	devjoe
dywypi	DYWYPI	fishexe
dywypi	DYWYPI	froon
dywypi	DYWYPI	jeddy00
dywypi	DYWYPI	jientho
dywypi	DYWYPI	jimbentler
dywypi	DYWYPI	khamul
dywypi	DYWYPI	leggman
dywypi	DYWYPI	muad
dywypi	DYWYPI	nop
dywypi	DYWYPI	perkele
dywypi	DYWYPI	rainyrat
dywypi	DYWYPI	raker
dywypi	DYWYPI	richard
dywypi	DYWYPI	satori
dywypi	DYWYPI	shmual
dywypi	DYWYPI	solidsnail
dywypi	DYWYPI	spontiff
dywypi	DYWYPI	stth
dywypi	DYWYPI	thegame20
dywypi	DYWYPI	thewumpus
dywypi	DYWYPI	tocksin1
lljk	lljk	mniot
team_kitten	team_kitten	nocturne
shiraz	shiraz	serra
dfasdfadsf	dfasdfadsf	dbelange
comegetsome	comegetsome	spamslapper
comegetsome	comegetsome	brian
nzism	nzism	glisignoli
nzism	nzism	fluxcore
gem_sweater	Clan of the Gem Sweater	tempest67
returners	returners	gull
ars	ars	yippee38
short_bus	short_bus	tapin
exlibris	exlibris	mythdraug
yasd	yasd	onemanclan
bay12	bay12	b12_blood
bay12	bay12	alstar
bay12	bay12	annals
bay12	bay12	b12qwerty
bay12	bay12	b12_bishopx
bay12	bay12	b12_eerr
bay12	bay12	b12_jack
bay12	bay12	b12_magma
bay12	bay12	b12_magnvox
bay12	bay12	b12_person
bay12	bay12	b12_pie
bay12	bay12	nivm
bay12	bay12	quinnr
bay12	bay12	seahorse
haskell	haskell	rwbarton
knoten7	knoten7	shadow
bourland	bourland	bourland
bourland	bourland	strathmeyer
uskomatonta	uskomatonta	sponters
uskomatonta	uskomatonta	rednuht
dna	dna	cthulu_
usul_lovers	usul_lovers	wikdwarlock
dikaia	dikaia	louishla
dikaia	dikaia	chendo
dikaia	dikaia	igor22
dikaia	dikaia	vlad22
cabal	The Cabal	aardvark
cabal	The Cabal	doy
cabal	The Cabal	hanclinto
cabal	The Cabal	runcible
cabal	The Cabal	sawtooth
